{"cameraMode":{"drawMode":0,"name":"Shaded","section":"Shading Mode"},"sceneLighting":false,"audioPlay":false,"sceneViewState":{"m_AlwaysRefresh":false,"showFog":true,"showSkybox":false,"showFlares":true,"showImageEffects":true,"showParticleSystems":true,"showVisualEffectGraphs":true,"m_FxEnabled":true},"in2DMode":false,"pivot":{"x":-0.044031500816345218,"y":0.006084874272346497,"z":0.07559774070978165},"rotation":{"x":0.0003096471191383898,"y":-0.04499006271362305,"z":0.000014345500858325977,"w":0.9990156888961792},"size":0.15828877687454225,"orthographic":false}