{"cameraMode":{"drawMode":0,"name":"Shaded","section":"Shading Mode"},"sceneLighting":true,"audioPlay":false,"sceneViewState":{"m_AlwaysRefresh":false,"showFog":true,"showSkybox":true,"showFlares":true,"showImageEffects":true,"showParticleSystems":true,"showVisualEffectGraphs":true,"m_FxEnabled":true},"in2DMode":false,"pivot":{"x":10.11209487915039,"y":5.032185077667236,"z":9.21403980255127},"rotation":{"x":0.0003096471191383898,"y":-0.04499006271362305,"z":0.000014345500858325977,"w":0.9990156888961792},"size":0.3339746594429016,"orthographic":false}